motif	1	2	3	4	5
AAAA	0.0115	0.0118	0.0104	0.01075	0.0123
AAAC	0.00455	0.0035	0.00315	0.00365	0.00375
AAAG	0.0059	0.00525	0.0064	0.005	0.0062
AAAT	0.00585	0.0061	0.00585	0.00725	0.00645
AACA	0.00495	0.0044	0.00425	0.0036	0.0044
AACC	0.0022	0.00235	0.0019	0.00235	0.0027
AACG	2e-4	3.5e-4	2e-4	5e-4	3.5e-4
AACT	0.00305	0.0032	0.0036	0.0032	0.00235
AAGA	0.0053	0.00455	0.0043	0.0048	0.0048
AAGC	0.0025	0.0026	0.0026	0.0025	0.00245
AAGG	0.0035	0.0034	0.0034	0.00325	0.004
AAGT	0.00315	0.0046	0.0037	0.0039	0.00465
AATA	0.0046	0.0042	0.0039	0.00405	0.0045
AATC	0.0025	0.00255	0.00235	0.0026	0.00215
AATG	0.004	0.00365	0.0041	0.00395	0.00325
AATT	0.0051	0.00445	0.00385	0.0045	0.0039
ACAA	0.00405	0.0042	0.00305	0.004	0.0042
ACAC	0.00275	0.00375	0.00345	0.00315	0.00325
ACAG	0.0051	0.0046	0.0036	0.0037	0.0044
ACAT	0.00395	0.0035	0.00385	0.00365	0.00435
ACCA	0.00445	0.00435	0.0036	0.00445	0.00475
ACCC	0.00305	0.00245	0.0031	0.00265	0.0028
ACCG	3.5e-4	4.5e-4	5e-4	3e-4	4e-4
ACCT	0.00425	0.00375	0.0043	0.00405	0.00475
ACGA	4.5e-4	4.5e-4	7e-4	5.5e-4	7.5e-4
ACGC	1.5e-4	5.5e-4	5e-4	4e-4	6.5e-4
ACGG	3e-4	4.5e-4	1.5e-4	2.5e-4	2e-4
ACGT	5e-4	8e-4	6.5e-4	5.5e-4	4e-4
ACTA	0.0029	0.0023	0.00255	0.002	0.0033
ACTC	0.00295	0.00245	0.0026	0.0025	0.00325
ACTG	0.00495	0.00375	0.00375	0.00345	0.0044
ACTT	0.00435	0.004	0.00405	0.0042	0.00545
AGAA	0.006	0.0057	0.00535	0.0065	0.00575
AGAC	0.0037	0.00285	0.003	0.00215	0.00375
AGAG	0.0053	0.00625	0.0061	0.00465	0.005
AGAT	0.0036	0.0037	0.0044	0.00325	0.00445
AGCA	0.00465	0.0046	0.00465	0.00465	0.0039
AGCC	0.00295	0.00365	0.0032	0.0036	0.004
AGCG	7e-4	7.5e-4	8e-4	7e-4	5.5e-4
AGCT	0.0032	0.00325	0.004	0.00315	0.00375
AGGA	0.0051	0.00435	0.0044	0.0053	0.0055
AGGC	0.00305	0.00325	0.0036	0.00305	0.0033
AGGG	0.0028	0.0038	0.00315	0.0036	0.00365
AGGT	0.00365	0.0034	0.00415	0.00335	0.0041
AGTA	0.0032	0.004	0.0028	0.0032	0.00295
AGTC	0.0023	0.0024	0.00245	0.00285	0.0027
AGTG	0.0038	0.0036	0.0044	0.00445	0.0044
AGTT	0.00365	0.0042	0.00285	0.00395	0.0035
ATAA	0.00395	0.00375	0.0039	0.0033	0.00445
ATAC	0.0018	0.00195	0.00135	0.00145	0.0019
ATAG	0.0023	0.00225	0.00175	0.00225	0.00195
ATAT	0.0035	0.00355	0.0041	0.00445	0.0037
ATCA	0.0024	0.0031	0.0025	0.003	0.00255
ATCC	0.00185	0.00205	0.0019	0.00165	0.0016
ATCG	3e-4	3.5e-4	1.5e-4	3e-4	4e-4
ATCT	0.0032	0.00355	0.0035	0.0038	0.00335
ATGA	0.00405	0.0042	0.004	0.00325	0.004
ATGC	0.0023	0.0027	0.0018	0.00255	0.0026
ATGG	0.00355	0.0032	0.00315	0.00295	0.00365
ATGT	0.00535	0.0052	0.00595	0.00505	0.0048
ATTA	0.0024	0.00315	0.0023	0.00325	0.00355
ATTC	0.0026	0.00225	0.00225	0.00265	0.00205
ATTG	0.0022	0.00215	0.00315	0.00275	0.00205
ATTT	0.00565	0.00635	0.00665	0.00625	0.00545
CAAA	0.00855	0.0074	0.00725	0.00715	0.00695
CAAC	0.00345	0.00315	0.0032	0.00315	0.0026
CAAG	0.00575	0.0051	0.00515	0.0048	0.0054
CAAT	0.004	0.00455	0.00415	0.0039	0.0031
CACA	0.00625	0.00575	0.00605	0.00635	0.0052
CACC	0.0037	0.00315	0.00385	0.0038	0.00335
CACG	9.5e-4	0.00105	0.00105	0.001	8.5e-4
CACT	0.0039	0.00385	0.0041	0.00495	0.00435
CAGA	0.0057	0.0053	0.005	0.00505	0.0059
CAGC	0.0046	0.0047	0.00425	0.0034	0.00415
CAGG	0.00595	0.0052	0.0049	0.00595	0.00545
CAGT	0.00405	0.0048	0.0042	0.00395	0.0045
CATA	0.00385	0.004	0.00365	0.0029	0.0041
CATC	0.00365	0.0033	0.0031	0.0039	0.00375
CATG	0.00505	0.00435	0.0048	0.00575	0.0049
CATT	0.005	0.00585	0.00495	0.00465	0.00405
CCAA	0.00545	0.0069	0.0075	0.0073	0.00685
CCAC	0.00535	0.0058	0.0058	0.0057	0.00535
CCAG	0.00895	0.0095	0.00945	0.0087	0.00845
CCAT	0.00655	0.00585	0.00825	0.007	0.00665
CCCA	0.00905	0.0095	0.00975	0.009	0.0106
CCCC	0.00475	0.00495	0.0051	0.00445	0.0049
CCCG	0.0016	0.00195	0.00125	0.00175	0.0021
CCCT	0.0062	0.0071	0.0074	0.00765	0.00735
CCGA	5e-4	5.5e-4	7e-4	5.5e-4	6.5e-4
CCGC	2.5e-4	7e-4	7e-4	9.5e-4	8e-4
CCGG	7e-4	6.5e-4	0.0013	0.001	7.5e-4
CCGT	4e-4	5.5e-4	4e-4	0.00115	4.5e-4
CCTA	0.004	0.0048	0.00435	0.00455	0.0047
CCTC	0.00655	0.0066	0.0072	0.00805	0.0065
CCTG	0.011	0.0099	0.0099	0.0094	0.00965
CCTT	0.0072	0.0066	0.0076	0.00705	0.00675
CGAA	5.5e-4	4e-4	4.5e-4	7.5e-4	7e-4
CGAC	2e-4	4.5e-4	4.5e-4	4.5e-4	2e-4
CGAG	0.0012	9.5e-4	8.5e-4	0.00115	0.0011
CGAT	7e-4	4.5e-4	3.5e-4	3e-4	4.5e-4
CGCA	7.5e-4	6e-4	7e-4	5.5e-4	5.5e-4
CGCC	0.001	7.5e-4	9.5e-4	7.5e-4	9.5e-4
CGCG	4e-4	4e-4	1e-4	1.5e-4	5e-5
CGCT	5.5e-4	5.5e-4	5e-4	9e-4	6.5e-4
CGGA	0.00105	5e-4	6e-4	7e-4	6e-4
CGGC	7.5e-4	6e-4	4.5e-4	7e-4	8e-4
CGGG	9e-4	7.5e-4	5e-4	8.5e-4	4.5e-4
CGGT	4.5e-4	5e-4	4e-4	6e-4	4e-4
CGTA	6.5e-4	8e-4	6e-4	4.5e-4	5e-4
CGTC	5e-4	5.5e-4	8e-4	6e-4	4e-4
CGTG	0.00125	0.0012	0.00135	0.0012	0.00175
CGTT	9e-4	6.5e-4	5e-4	7e-4	3e-4
CTAA	0.0042	0.00455	0.005	0.00405	0.00395
CTAC	0.00205	0.0027	0.0016	0.00265	0.0024
CTAG	0.00305	0.0026	0.00285	0.003	0.00275
CTAT	0.0033	0.0031	0.00375	0.0031	0.00355
CTCA	0.00465	0.0045	0.00485	0.0043	0.00525
CTCC	0.0038	0.004	0.00355	0.00485	0.00475
CTCG	9.5e-4	5.5e-4	7e-4	0.00105	8.5e-4
CTCT	0.00485	0.00505	0.0042	0.0044	0.00525
CTGA	0.0062	0.0057	0.00495	0.0061	0.006
CTGC	0.0049	0.0049	0.0053	0.0051	0.0052
CTGG	0.0061	0.0056	0.0055	0.00615	0.0051
CTGT	0.007	0.00655	0.0069	0.00655	0.00645
CTTA	0.00265	0.0038	0.0039	0.0042	0.0037
CTTC	0.0039	0.00365	0.00435	0.0032	0.0054
CTTG	0.004	0.0038	0.00395	0.00395	0.0039
CTTT	0.00665	0.0073	0.0074	0.008	0.00805
GAAA	0.0053	0.006	0.0052	0.0044	0.0049
GAAC	0.00245	0.0019	0.0021	0.0022	0.00175
GAAG	0.00395	0.00385	0.0046	0.00355	0.0045
GAAT	0.00395	0.00435	0.0032	0.00405	0.00345
GACA	0.00285	0.0034	0.00325	0.0028	0.00335
GACC	0.0021	0.0017	0.0015	0.00185	0.0016
GACG	3e-4	2.5e-4	4e-4	4.5e-4	3e-4
GACT	0.00245	0.0022	0.00235	0.003	0.00245
GAGA	0.00385	0.00365	0.0042	0.00355	0.00355
GAGC	0.0019	0.00205	0.0018	0.0017	0.0018
GAGG	0.0032	0.0039	0.00295	0.0032	0.0029
GAGT	0.0033	0.00315	0.00335	0.0025	0.00295
GATA	0.00205	0.0022	0.0022	0.00245	0.0019
GATC	0.00145	0.002	0.0017	0.0013	0.0012
GATG	0.0023	0.0023	0.00215	0.00255	0.00235
GATT	0.0028	0.0032	0.00305	0.0029	0.00285
GCAA	0.00295	0.00245	0.00205	0.00315	0.0025
GCAC	0.00225	0.00205	0.0018	0.00225	0.0021
GCAG	0.0031	0.00315	0.0028	0.00325	0.00305
GCAT	0.0027	0.0028	0.00205	0.003	0.0029
GCCA	0.0059	0.0046	0.00385	0.0046	0.005
GCCC	0.0022	0.003	0.0029	0.0027	0.0025
GCCG	9.5e-4	8e-4	7e-4	4e-4	7.5e-4
GCCT	0.0055	0.00465	0.0052	0.0047	0.00525
GCGA	3e-4	3e-4	3e-4	3.5e-4	2e-4
GCGC	2e-4	4e-4	2e-4	4.5e-4	2e-4
GCGG	4.5e-4	1.5e-4	5.5e-4	4e-4	4e-4
GCGT	3.5e-4	4e-4	4e-4	7.5e-4	6e-4
GCTA	0.003	0.00335	0.0029	0.0023	0.00255
GCTC	0.00245	0.0021	0.00285	0.00235	0.00245
GCTG	0.0038	0.00425	0.0041	0.00455	0.0039
GCTT	0.00435	0.0035	0.0039	0.00335	0.00325
GGAA	0.0054	0.0059	0.0056	0.0059	0.0053
GGAC	0.0022	0.00275	0.0026	0.00215	0.0023
GGAG	0.0056	0.00575	0.00595	0.00665	0.0045
GGAT	0.0035	0.00375	0.0031	0.0033	0.0034
GGCA	0.00465	0.0049	0.00465	0.0048	0.00535
GGCC	0.0023	0.0026	0.00325	0.00295	0.00275
GGCG	8e-4	0.00125	0.00125	0.0012	9e-4
GGCT	0.0039	0.0047	0.00445	0.00545	0.0045
GGGA	0.00425	0.00435	0.00375	0.0047	0.004
GGGC	0.00275	0.0021	0.00205	0.0024	0.00185
GGGG	0.003	0.0038	0.0025	0.00315	0.003
GGGT	0.0027	0.0026	0.00295	0.00225	0.0023
GGTA	0.00285	0.0024	0.0032	0.00275	0.00285
GGTC	0.0019	0.0022	0.00255	0.00165	0.0025
GGTG	0.0039	0.0046	0.00335	0.00425	0.00415
GGTT	0.00365	0.00295	0.0028	0.00335	0.00345
GTAA	0.00215	0.00285	0.00285	0.0021	0.00255
GTAC	0.0015	0.0018	0.00155	0.00125	0.0015
GTAG	0.00195	0.00185	0.00295	0.00305	0.0026
GTAT	0.0028	0.00275	0.0028	0.00275	0.00235
GTCA	0.00395	0.0034	0.00375	0.0036	0.0038
GTCC	0.00425	0.0042	0.0043	0.00405	0.004
GTCG	1e-4	5e-4	2.5e-4	5.5e-4	1e-4
GTCT	0.00445	0.00405	0.00335	0.00475	0.0036
GTGA	0.0037	0.00325	0.0038	0.00345	0.00425
GTGC	0.0041	0.0028	0.00305	0.0031	0.00255
GTGG	0.00455	0.00535	0.0047	0.0051	0.00385
GTGT	0.005	0.00555	0.0047	0.0055	0.00505
GTTA	0.00235	0.00235	0.00285	0.0028	0.0026
GTTC	0.0027	0.0024	0.0019	0.0024	0.00295
GTTG	0.0021	0.00305	0.00245	0.0034	0.0032
GTTT	0.00445	0.00355	0.0041	0.0041	0.00465
TAAA	0.00745	0.0083	0.0086	0.0075	0.00675
TAAC	0.00295	0.00365	0.00355	0.00315	0.0032
TAAG	0.0035	0.0041	0.00325	0.0041	0.00375
TAAT	0.0059	0.0059	0.0065	0.00615	0.00585
TACA	0.00665	0.00485	0.00625	0.00615	0.00465
TACC	0.004	0.0039	0.00335	0.0026	0.0039
TACG	3e-4	2.5e-4	2e-4	4.5e-4	1.5e-4
TACT	0.0058	0.0057	0.006	0.00445	0.0049
TAGA	0.00465	0.00445	0.0044	0.0051	0.00455
TAGC	0.003	0.0027	0.00225	0.00295	0.00315
TAGG	0.0035	0.0033	0.0035	0.0032	0.00325
TAGT	0.00355	0.0042	0.0038	0.0036	0.00425
TATA	0.00505	0.0058	0.00505	0.00495	0.0054
TATC	0.00315	0.00365	0.0028	0.00335	0.0032
TATG	0.0032	0.00445	0.0027	0.0033	0.00315
TATT	0.0072	0.00735	0.0073	0.0073	0.00775
TCAA	0.00705	0.0075	0.00835	0.00755	0.0073
TCAC	0.0066	0.00645	0.00585	0.00635	0.00595
TCAG	0.00675	0.0059	0.0063	0.0065	0.00635
TCAT	0.00805	0.00795	0.008	0.00655	0.00735
TCCA	0.0132	0.01255	0.0125	0.01215	0.0112
TCCC	0.0115	0.0133	0.01395	0.0156	0.01355
TCCG	8.5e-4	6.5e-4	5.5e-4	7e-4	8.5e-4
TCCT	0.017	0.01555	0.01635	0.0152	0.01495
TCGA	7.5e-4	5.5e-4	0.00135	7e-4	8.5e-4
TCGC	8e-4	8e-4	7e-4	8.5e-4	7.5e-4
TCGG	8e-4	5.5e-4	8e-4	7.5e-4	0.0011
TCGT	9.5e-4	0.0014	7e-4	6e-4	0.00115
TCTA	0.0057	0.005	0.00515	0.0052	0.00495
TCTC	0.0061	0.0073	0.00635	0.00605	0.0064
TCTG	0.0055	0.0055	0.00585	0.0058	0.00675
TCTT	0.00865	0.00875	0.00915	0.0085	0.00965
TGAA	0.00815	0.0087	0.00855	0.0076	0.0084
TGAC	0.0043	0.0046	0.0038	0.00415	0.0045
TGAG	0.00515	0.00625	0.00605	0.00605	0.0062
TGAT	0.00695	0.0064	0.0069	0.00695	0.0063
TGCA	0.0065	0.00715	0.00735	0.00645	0.0067
TGCC	0.00725	0.0076	0.00745	0.00645	0.00725
TGCG	4e-4	6.5e-4	3.5e-4	4e-4	3e-4
TGCT	0.0089	0.00775	0.00875	0.008	0.0072
TGGA	0.0089	0.0076	0.00805	0.00875	0.00825
TGGC	0.0064	0.007	0.00675	0.0063	0.00705
TGGG	0.00715	0.00745	0.0071	0.00795	0.00755
TGGT	0.00785	0.0068	0.0085	0.0075	0.00895
TGTA	0.00595	0.0058	0.00605	0.00595	0.0057
TGTC	0.0052	0.0044	0.00625	0.00455	0.00465
TGTG	0.00655	0.00545	0.0063	0.00635	0.006
TGTT	0.00895	0.00775	0.00995	0.0078	0.0091
TTAA	0.0058	0.00645	0.00685	0.00635	0.0061
TTAC	0.00385	0.00405	0.00415	0.0032	0.0035
TTAG	0.0028	0.00305	0.0028	0.0033	0.0026
TTAT	0.00815	0.0066	0.00805	0.00805	0.0077
TTCA	0.0043	0.0045	0.0054	0.0045	0.00445
TTCC	0.0047	0.0045	0.0055	0.00475	0.0048
TTCG	1.5e-4	2.5e-4	1.5e-4	3e-4	2e-4
TTCT	0.0074	0.00765	0.0064	0.0091	0.00745
TTGA	0.0066	0.0071	0.00545	0.00635	0.0065
TTGC	0.0051	0.0054	0.00605	0.00465	0.00525
TTGG	0.00385	0.0046	0.0045	0.00435	0.0043
TTGT	0.00915	0.00895	0.0099	0.0119	0.0102
TTTA	0.0042	0.00515	0.00515	0.0051	0.0052
TTTC	0.0046	0.00405	0.0043	0.00435	0.0046
TTTG	0.0039	0.0036	0.0041	0.0038	0.0046
TTTT	0.01135	0.01005	0.01115	0.0122	0.0111
