motif	human1_motifs	human2_motifs	human3_motifs	human4_motifs	human5_motifs
AAAA	245	227	233	227	253
AAAC	78	89	78	103	95
AAAG	142	125	115	123	119
AAAT	145	162	148	151	139
AACA	113	84	78	84	92
AACC	48	33	45	55	49
AACG	7	12	9	10	13
AACT	65	74	67	69	71
AAGA	104	110	105	93	96
AAGC	58	49	50	65	50
AAGG	77	71	74	76	71
AAGT	82	83	66	73	81
AATA	87	103	87	94	84
AATC	56	41	44	49	54
AATG	86	88	70	87	84
AATT	79	106	79	83	92
ACAA	96	87	95	84	72
ACAC	59	49	60	64	60
ACAG	78	82	100	93	80
ACAT	85	80	98	79	113
ACCA	76	78	83	93	93
ACCC	60	49	54	49	55
ACCG	5	8	8	13	4
ACCT	75	78	74	82	70
ACGA	6	6	9	8	11
ACGC	7	3	4	6	4
ACGG	8	6	9	4	10
ACGT	14	5	17	6	13
ACTA	56	47	55	66	60
ACTC	62	50	41	50	58
ACTG	103	79	86	77	61
ACTT	84	91	76	80	96
AGAA	121	124	150	136	116
AGAC	56	63	37	64	66
AGAG	126	97	116	112	106
AGAT	69	88	73	71	62
AGCA	95	76	77	95	66
AGCC	70	46	75	56	71
AGCG	9	12	12	14	10
AGCT	68	69	69	64	66
AGGA	104	87	96	79	85
AGGC	58	71	50	56	56
AGGG	63	59	55	68	61
AGGT	64	76	78	78	67
AGTA	55	59	53	64	73
AGTC	49	53	36	49	40
AGTG	70	75	85	87	73
AGTT	92	84	79	67	75
ATAA	73	81	90	85	82
ATAC	35	37	41	44	44
ATAG	52	51	42	46	45
ATAT	73	105	101	82	72
ATCA	51	59	56	59	59
ATCC	29	40	45	52	37
ATCG	4	5	2	5	8
ATCT	76	68	80	75	70
ATGA	86	70	83	69	86
ATGC	42	43	44	41	52
ATGG	60	45	64	56	58
ATGT	108	126	128	113	115
ATTA	67	61	62	68	53
ATTC	55	53	50	53	60
ATTG	49	41	53	43	51
ATTT	111	122	126	140	135
CAAA	155	139	160	151	162
CAAC	76	76	64	77	58
CAAG	90	93	85	119	68
CAAT	97	86	92	94	79
CACA	119	143	118	124	105
CACC	84	68	64	69	72
CACG	19	13	18	12	16
CACT	86	93	75	78	81
CAGA	116	113	100	99	106
CAGC	90	79	79	78	87
CAGG	97	125	93	98	97
CAGT	55	94	80	77	81
CATA	75	73	89	65	91
CATC	74	85	50	56	59
CATG	81	92	87	87	107
CATT	115	104	126	112	91
CCAA	142	148	125	146	138
CCAC	100	109	104	119	107
CCAG	175	153	172	158	154
CCAT	127	124	142	124	143
CCCA	191	179	199	200	206
CCCC	90	77	106	87	80
CCCG	23	35	36	29	33
CCCT	129	109	121	131	138
CCGA	8	13	15	10	20
CCGC	18	14	18	12	14
CCGG	16	9	13	13	16
CCGT	16	18	7	12	10
CCTA	99	76	95	80	98
CCTC	115	128	117	119	129
CCTG	196	187	211	187	195
CCTT	156	166	146	144	156
CGAA	12	10	12	14	8
CGAC	9	4	9	4	4
CGAG	18	12	15	11	15
CGAT	14	16	10	10	12
CGCA	14	15	9	6	10
CGCC	18	31	23	23	15
CGCG	4	3	6	5	0
CGCT	17	12	15	15	12
CGGA	14	9	7	7	7
CGGC	6	12	7	7	10
CGGG	8	14	12	11	14
CGGT	8	7	8	12	10
CGTA	13	13	10	15	8
CGTC	17	14	16	22	12
CGTG	19	22	21	18	25
CGTT	11	16	18	19	12
CTAA	85	95	71	95	78
CTAC	49	42	46	42	57
CTAG	59	56	46	64	58
CTAT	65	61	68	66	62
CTCA	79	96	120	104	104
CTCC	63	75	95	82	87
CTCG	11	12	20	16	17
CTCT	112	101	101	98	104
CTGA	115	107	111	92	106
CTGC	88	82	95	78	77
CTGG	133	121	108	114	115
CTGT	131	100	117	128	138
CTTA	90	84	77	70	82
CTTC	87	74	91	86	80
CTTG	83	87	76	82	63
CTTT	137	142	168	149	157
GAAA	124	130	108	121	112
GAAC	43	44	44	48	62
GAAG	78	85	63	66	75
GAAT	93	80	72	83	80
GACA	50	71	51	66	47
GACC	28	26	31	29	26
GACG	9	7	10	7	5
GACT	56	45	57	38	30
GAGA	65	72	70	63	71
GAGC	37	45	42	38	37
GAGG	48	90	63	66	72
GAGT	61	50	52	49	60
GATA	40	48	41	54	36
GATC	24	41	27	37	28
GATG	74	63	58	39	42
GATT	68	55	56	59	58
GCAA	56	45	36	59	50
GCAC	36	36	35	34	35
GCAG	54	61	65	79	52
GCAT	71	51	64	55	79
GCCA	84	89	88	94	91
GCCC	39	46	49	37	57
GCCG	17	12	3	9	14
GCCT	103	98	84	100	81
GCGA	5	7	5	6	10
GCGC	6	11	3	4	7
GCGG	5	4	5	10	7
GCGT	9	10	10	8	6
GCTA	56	62	46	58	54
GCTC	41	51	51	51	48
GCTG	105	66	75	79	85
GCTT	71	67	73	84	68
GGAA	99	100	109	105	110
GGAC	46	37	41	41	45
GGAG	102	113	105	140	96
GGAT	52	61	67	61	58
GGCA	88	87	77	93	82
GGCC	39	33	55	47	54
GGCG	25	16	20	17	17
GGCT	78	76	83	84	73
GGGA	56	72	61	79	70
GGGC	46	39	30	45	45
GGGG	48	69	59	46	57
GGGT	62	41	56	45	52
GGTA	43	52	52	61	56
GGTC	44	41	40	22	27
GGTG	84	78	98	76	81
GGTT	65	61	52	67	70
GTAA	43	50	51	48	52
GTAC	23	34	31	32	30
GTAG	48	38	42	46	44
GTAT	54	55	52	47	59
GTCA	69	93	70	83	72
GTCC	75	78	83	85	84
GTCG	9	9	6	6	5
GTCT	82	71	66	94	74
GTGA	64	77	64	86	87
GTGC	75	61	71	63	61
GTGG	91	95	84	89	96
GTGT	94	95	98	91	125
GTTA	52	56	58	71	34
GTTC	36	69	50	38	46
GTTG	49	61	58	57	54
GTTT	82	110	95	96	90
TAAA	174	189	180	146	161
TAAC	66	78	90	64	60
TAAG	81	58	83	83	88
TAAT	118	123	128	138	103
TACA	119	123	142	124	122
TACC	65	75	78	67	53
TACG	9	3	4	13	5
TACT	109	102	123	120	122
TAGA	108	91	83	104	110
TAGC	62	52	49	58	61
TAGG	47	61	74	66	69
TAGT	80	95	89	90	95
TATA	110	120	112	131	118
TATC	91	70	62	66	73
TATG	82	69	64	73	74
TATT	159	170	148	160	178
TCAA	147	145	173	143	141
TCAC	131	112	105	134	113
TCAG	109	143	128	132	155
TCAT	166	156	182	169	170
TCCA	232	216	237	241	252
TCCC	275	290	256	267	266
TCCG	20	17	10	19	15
TCCT	334	270	273	294	300
TCGA	18	23	18	16	16
TCGC	16	14	9	19	7
TCGG	15	15	22	15	14
TCGT	27	22	32	27	17
TCTA	107	116	117	102	137
TCTC	116	111	139	122	119
TCTG	126	103	136	112	132
TCTT	182	211	196	183	170
TGAA	161	176	146	179	177
TGAC	103	86	99	83	68
TGAG	116	146	119	129	99
TGAT	119	106	129	119	135
TGCA	137	127	126	131	113
TGCC	135	121	127	136	148
TGCG	7	9	9	12	2
TGCT	181	159	160	150	146
TGGA	141	172	164	141	169
TGGC	126	109	141	120	143
TGGG	137	124	147	136	145
TGGT	145	166	168	140	142
TGTA	117	135	116	124	142
TGTC	85	95	89	100	109
TGTG	122	119	118	138	122
TGTT	189	192	196	147	170
TTAA	124	131	132	137	124
TTAC	87	84	82	70	86
TTAG	57	46	65	44	78
TTAT	174	173	171	141	141
TTCA	85	98	90	94	89
TTCC	85	102	94	115	89
TTCG	4	5	4	7	2
TTCT	152	145	186	165	183
TTGA	119	151	137	138	130
TTGC	105	109	102	109	97
TTGG	81	98	71	99	104
TTGT	191	211	211	187	226
TTTA	105	96	86	105	113
TTTC	101	104	98	102	97
TTTG	105	87	97	83	100
TTTT	219	212	217	211	225
